<?xml version="1.0" encoding="UTF-8"?>
<project-private xmlns="http://www.netbeans.org/ns/project-private/1">
    <editor-bookmarks xmlns="http://www.netbeans.org/ns/editor-bookmarks/1"/>
    <editor-bookmarks xmlns="http://www.netbeans.org/ns/editor-bookmarks/2" lastBookmarkId="0"/>
    <open-files xmlns="http://www.netbeans.org/ns/projectui-open-files/2">
        <group>
            <file>file:/C:/Users/918-15/Downloads/WMS/webmail_2/web/subframes/addr_book_show.jsp</file>
            <file>file:/C:/Users/918-15/Downloads/WMS/webmail_2/web/subframes/addr_book_mod_form.jsp</file>
            <file>file:/C:/Users/918-15/Downloads/WMS/webmail_2/web/index.jsp</file>
            <file>file:/C:/Users/918-15/Downloads/WMS/webmail_2/web/subframes/mail_handling_menu.jsp</file>
            <file>file:/C:/Users/918-15/Downloads/WMS/webmail_2/web/handle.jsp</file>
            <file>file:/C:/Users/918-15/Downloads/WMS/webmail_2/web/subframes/list_mail.jsp</file>
            <file>file:/C:/Users/918-15/Downloads/WMS/webmail_2/web/login_check.jsp</file>
            <file>file:/C:/Users/918-15/Downloads/WMS/webmail_2/web/mail_read.jsp</file>
            <file>file:/C:/Users/918-15/Downloads/WMS/webmail_2/src/control/POP3Auth.java</file>
            <file>file:/C:/Users/918-15/Downloads/WMS/webmail_2/web/mail_send.jsp</file>
            <file>file:/C:/Users/918-15/Downloads/WMS/webmail_2/web/subframes/delete_message.jsp</file>
        </group>
    </open-files>
</project-private>
