<?xml version="1.0" encoding="UTF-8"?>
<project-private xmlns="http://www.netbeans.org/ns/project-private/1">
    <editor-bookmarks xmlns="http://www.netbeans.org/ns/editor-bookmarks/1"/>
    <editor-bookmarks xmlns="http://www.netbeans.org/ns/editor-bookmarks/2" lastBookmarkId="0"/>
    <open-files xmlns="http://www.netbeans.org/ns/projectui-open-files/2">
        <group>
            <file>file:/C:/Users/918-15/Downloads/webmail/web/subframes/frame_left.jsp</file>
            <file>file:/C:/Users/918-15/Downloads/webmail/web/addr_book.jsp</file>
            <file>file:/C:/Users/918-15/Downloads/webmail/src/control/smtpServlet.java</file>
            <file>file:/C:/Users/918-15/Downloads/webmail/web/subframes/mail_handling_menu.jsp</file>
            <file>file:/C:/Users/918-15/Downloads/webmail/src/control/DownloadServlet.java</file>
            <file>file:/C:/Users/918-15/Downloads/webmail/web/subframes/smtp.jsp</file>
            <file>file:/C:/Users/918-15/Downloads/webmail/web/WEB-INF/web.xml</file>
            <file>file:/C:/Users/918-15/Downloads/webmail/web/subframes/mail_send_form.jsp</file>
            <file>file:/C:/Users/918-15/Downloads/webmail/web/subframes/frame_body.jsp</file>
            <file>file:/C:/Users/918-15/Downloads/webmail/web/menu_form.jsp</file>
            <file>file:/C:/Users/918-15/Downloads/webmail/web/subframes/frame_top.jsp</file>
            <file>file:/C:/Users/918-15/Downloads/webmail/web/subframes/mail_send_form2.jsp</file>
            <file>file:/C:/Users/918-15/Downloads/webmail/src/control/LoginCheckBean.java</file>
            <file>file:/C:/Users/918-15/Downloads/webmail/web/META-INF/context.xml</file>
            <file>file:/C:/Users/918-15/Downloads/webmail/web/subframes/delete_message.jsp</file>
            <file>file:/C:/Users/918-15/Downloads/webmail/web/css/index.css</file>
            <file>file:/C:/Users/918-15/Downloads/webmail/web/subframes/addr_book_show.jsp</file>
            <file>file:/C:/Users/918-15/Downloads/webmail/web/subframes/get_message.jsp</file>
            <file>file:/C:/Users/918-15/Downloads/webmail/web/subframes/reply.jsp</file>
            <file>file:/C:/Users/918-15/Downloads/webmail/web/subframes/list_mail.jsp</file>
            <file>file:/C:/Users/918-15/Downloads/webmail/src/control/MailHandleBean.java</file>
        </group>
    </open-files>
</project-private>
