<?xml version="1.0" encoding="UTF-8"?>
<project-private xmlns="http://www.netbeans.org/ns/project-private/1">
    <editor-bookmarks xmlns="http://www.netbeans.org/ns/editor-bookmarks/1"/>
    <editor-bookmarks xmlns="http://www.netbeans.org/ns/editor-bookmarks/2" lastBookmarkId="0"/>
    <open-files xmlns="http://www.netbeans.org/ns/projectui-open-files/2">
        <group>
            <file>file:/C:/Users/HaeI/Documents/NetBeansProjects/web/web/subframes/delete_message.jsp</file>
            <file>file:/C:/Users/HaeI/Documents/NetBeansProjects/web/web/subframes/get_message.jsp</file>
            <file>file:/C:/Users/HaeI/Documents/NetBeansProjects/web/web/deleteUser_done.jsp</file>
            <file>file:/C:/Users/HaeI/Documents/NetBeansProjects/web/src/control/smtpServlet.java</file>
            <file>file:/C:/Users/HaeI/Documents/NetBeansProjects/web/src/model/UserAdminAgent.java</file>
            <file>file:/C:/Users/HaeI/Documents/NetBeansProjects/web/web/subframes/addr_book_mod_form.jsp</file>
            <file>file:/C:/Users/HaeI/Documents/NetBeansProjects/web/web/subframes/delete_user.jsp</file>
            <file>file:/C:/Users/HaeI/Documents/NetBeansProjects/web/web/subframes/list_mail.jsp</file>
            <file>file:/C:/Users/HaeI/Documents/NetBeansProjects/web/src/control/DownloadServlet.java</file>
            <file>file:/C:/Users/HaeI/Documents/NetBeansProjects/web/src/control/MailHandleBean.java</file>
            <file>file:/C:/Users/HaeI/Documents/NetBeansProjects/web/web/subframes/addr_book_show.jsp</file>
            <file>file:/C:/Users/HaeI/Documents/NetBeansProjects/web/src/control/UserAdminHandler.java</file>
            <file>file:/C:/Users/HaeI/Documents/NetBeansProjects/web/web/index.jsp</file>
        </group>
    </open-files>
</project-private>
